{"cameraMode":{"drawMode":0,"name":"Shaded","section":"Shading Mode"},"sceneLighting":false,"audioPlay":false,"sceneViewState":{"m_AlwaysRefresh":false,"showFog":true,"showSkybox":false,"showFlares":true,"showImageEffects":true,"showParticleSystems":true,"showVisualEffectGraphs":true,"m_FxEnabled":true},"in2DMode":false,"pivot":{"x":-0.26930299401283266,"y":1.4193120002746583,"z":1.6639209985733033},"rotation":{"x":-0.0042742593213915829,"y":0.987598180770874,"z":-0.15473102033138276,"w":-0.02758232317864895},"size":0.16047558188438416,"orthographic":false}