{"cameraMode":{"drawMode":0,"name":"Shaded","section":"Shading Mode"},"sceneLighting":false,"audioPlay":false,"sceneViewState":{"m_AlwaysRefresh":false,"showFog":true,"showSkybox":false,"showFlares":true,"showImageEffects":true,"showParticleSystems":true,"showVisualEffectGraphs":true,"m_FxEnabled":true},"in2DMode":false,"pivot":{"x":2.3793222904205324,"y":0.6533936858177185,"z":-12.330243110656739},"rotation":{"x":0.07192596048116684,"y":0.7928926944732666,"z":-0.08788714557886124,"w":0.6012369394302368},"size":0.4330155849456787,"orthographic":false}