{"cameraMode":{"drawMode":0,"name":"Shaded","section":"Shading Mode"},"sceneLighting":false,"audioPlay":false,"sceneViewState":{"m_AlwaysRefresh":false,"showFog":true,"showSkybox":false,"showFlares":true,"showImageEffects":true,"showParticleSystems":true,"showVisualEffectGraphs":true,"m_FxEnabled":true},"in2DMode":false,"pivot":{"x":0.4964037835597992,"y":0.9380901455879211,"z":0.4819028377532959},"rotation":{"x":-0.011832211166620255,"y":0.9766136407852173,"z":0.05572259798645973,"w":0.2077610343694687},"size":1.178562879562378,"orthographic":false}