{"cameraMode":{"drawMode":0,"name":"Shaded","section":"Shading Mode"},"sceneLighting":false,"audioPlay":false,"sceneViewState":{"m_AlwaysRefresh":false,"showFog":true,"showSkybox":false,"showFlares":true,"showImageEffects":true,"showParticleSystems":true,"showVisualEffectGraphs":true,"m_FxEnabled":true},"in2DMode":false,"pivot":{"x":-0.14913813769817353,"y":0.5383612513542175,"z":-0.21565277874469758},"rotation":{"x":0.04680309072136879,"y":-0.9185422658920288,"z":0.11456068605184555,"w":0.3757062256336212},"size":1.1007146835327149,"orthographic":false}